size,mean,std. error,N
< 5,162.5232070986798,0.12189683828306307,1489224.0
5 to 19,155.46763115594086,0.2625778132535172,280710.0
20 to 49,153.1976831584676,0.4739150103011232,98375.0
50 to 99,173.30207199674086,0.6277511480581812,79532.0
100 to 199,161.5857770536626,0.48407343099819633,84770.0
200 +,103.56718316316389,1.5592114645995505,1400.0
