incall,,False,True
False,mean,160.78384273674214,176.64172697739198
False,std. error,0.1621966801362889,0.2691917355628406
False,N,966678.0,286793.0
True,mean,146.51616674092344,173.5608446143056
True,std. error,0.17797348056144202,0.2748413820120665
True,N,487553.0,292987.0
