sex_ad,,0.0,1.0
0.0,mean,136.71752316977185,84.16746969715227
0.0,std. error,0.7271314553245575,0.8319735191777459
0.0,N,52382.0,23007.0
1.0,mean,163.33229979698453,87.62275331000062
1.0,std. error,0.1055804356535343,2.199195378204767
1.0,N,1950262.0,8360.0
